Name,AssetId,ContentId,Status
SkillFrameGold,71502945814007,rbxassetid://71502945814007,Existing
ButtonFrameDarkGold,76465210954238,rbxassetid://76465210954238,Uploaded
SkillBackgroundGold,75402199872143,rbxassetid://75402199872143,Existing
SkillBackgroundTealWashiSample,83567860190318,rbxassetid://83567860190318,Uploaded
Skill Background Washi Teal,139751609122567,rbxassetid://139751609122567,Existing
SkillIconCharge,81049941862411,rbxassetid://81049941862411,Uploaded
SkillIconChargeCharacter,138202278145507,rbxassetid://138202278145507,Uploaded
SkillIconChargeDash,83107421324063,rbxassetid://83107421324063,Uploaded
SkillIconChargeEffects,94163307407218,rbxassetid://94163307407218,Uploaded
SkillIconChargeEffectsHorizontal,121301301816360,rbxassetid://121301301816360,Existing
SkillIconChargeKatana,89715373829902,rbxassetid://89715373829902,Uploaded
SkillIconChargeKatanaHorizontal,134262848479045,rbxassetid://134262848479045,Existing
ChargeBackgroundTeal,123904916319574,rbxassetid://123904916319574,Uploaded
ChargeCompositionReference,124412628656747,rbxassetid://124412628656747,Uploaded
ChargeDash,98932789717643,rbxassetid://98932789717643,Uploaded
ChargeFrameVintageGold,122399349451023,rbxassetid://122399349451023,Uploaded
ChargeKatana,131162068996658,rbxassetid://131162068996658,Uploaded
ChargeTarget,138890220933355,rbxassetid://138890220933355,Uploaded
ChargeWindScrolls,122372029049248,rbxassetid://122372029049248,Uploaded
SkillBackgroundAmber,121264564557087,rbxassetid://121264564557087,Existing
SkillBackgroundBlack,113222518558676,rbxassetid://113222518558676,Existing
SkillBackgroundBlue,116238389011147,rbxassetid://116238389011147,Existing
SkillBackgroundGreen,75283204197360,rbxassetid://75283204197360,Existing
SkillBackgroundGrey,85088266716033,rbxassetid://85088266716033,Existing
SkillBackgroundPurple,102306218626433,rbxassetid://102306218626433,Existing
SkillBackgroundRed,81874933707089,rbxassetid://81874933707089,Existing
SkillBackgroundTeal,107599855023793,rbxassetid://107599855023793,Existing
SkillBackgroundWashiAmber,73592488866229,rbxassetid://73592488866229,Existing
SkillBackgroundWashiBlack,106673974330758,rbxassetid://106673974330758,Existing
SkillBackgroundWashiBlue,85601907082374,rbxassetid://85601907082374,Existing
SkillBackgroundWashiGold,104345496505935,rbxassetid://104345496505935,Existing
SkillBackgroundWashiGreen,79220966729439,rbxassetid://79220966729439,Existing
SkillBackgroundWashiGrey,81487382219486,rbxassetid://81487382219486,Existing
SkillBackgroundWashiPurple,106801642554970,rbxassetid://106801642554970,Existing
SkillBackgroundWashiRed,99134915816391,rbxassetid://99134915816391,Existing
SkillBrushTextureBlack,134142006452038,rbxassetid://134142006452038,Uploaded
